Isin,US5439122087
Isin,US69351J5121
Isin,US7617242026
Isin,US7617243016
Isin,US52469E5006
Isin,US2618941098
Isin,US4377693001
Isin,US69351J2490
Isin,US69351J5790
Wpk,989287
Isin,US2619861030
Isin,US89155H7026
Isin,US8858826212
Isin,US81114R1032
Isin,US9300574509
Isin,US00245V1061
Isin,US09248U8172
Wpk,970002
Isin,US8163261022
Wpk,970908
Isin,US5439163081
Isin,US3139131052
Isin,US0263931083
Wpk,A0D8LR
Wpk,970467
Wpk,972836
Isin,US03072X1046
Isin,US25159K8201
Wpk,933578
Isin,US2779058658
Isin,IE0003864109
Isin,GB0002074580
Isin,GB00BF5H9P87
Isin,GB00B63QSB39
Isin,GB00B04V1276
Isin,GG00B4L0PD47
Isin,GB00BZ14BX56
Isin,GB0004161021
Isin,GB00B1V9NW54
Isin,GB00BJ0LT190
Isin,GB00BJLP1Y77
Isin,GB0004270301
Isin,GB00BK7YQK64
Isin,GB00B1FW5029
Isin,GB0004228648
Isin,GB0009065060
Isin,GB00BYYTFB60
Isin,BMG4593F1389
Isin,GB00BJVQC708
Isin,GG00BR30MJ80
Isin,GB0005576813
Isin,GB00BYXJC278
Isin,GB0003292009
Isin,GB0031232498
Isin,GB00B06QFB75
Isin,GB00BD45SH49
Isin,GB00BGLP8L22
Isin,GB00B61TVQ02
Isin,GB00BRS65X63
Isin,GB00B188SR50
Isin,GB00B17BBQ50
Isin,GB00B128J450
Isin,GB0033986497
Isin,JE00BYVQYS01
Isin,GB00BKZGVH64
Isin,GB0001638955
Isin,GB0000197722
Isin,GB00BMTS0Z37
Isin,GB0001740025
Isin,GG00BJL5FH87
Isin,GB00BVC3CB83
Isin,GB00BMXWN182
Isin,JE00BF4X3P53
Isin,GB00B53P2009
Isin,GB00BCRX1J15
Isin,GB00BZ0D6727
Isin,GB0007388407
Isin,GB00B4WFW713
Isin,BMG5361W1047
Isin,GB0031429219
Isin,GB00BYQ46T41
Isin,GB00B1FP6H53
Isin,GB00BJ1F4N75
Isin,GB00B8HX8Z88
Isin,GB0006027295
Isin,GB0005758098
Isin,GB0008085614
Isin,GB0031274896
Isin,GB0030517261
Isin,GB00B1ZBKY84
Isin,GB00BF4JDH58
Isin,GB0006043169
Isin,GB00B012BV22
Isin,GB0004657408
Isin,GB0006111123
Isin,GB0006111909
Isin,GB00BJHPLV88
Isin,GB00B01QGK86
Isin,GB00BH3VJ782
Isin,GB0006215205
Isin,GB00BLDRH360
Isin,GB00BDFBVT43
Isin,US001920AB36
Isin,US001920AD91
Isin,US023663AB31
Isin,US102183AC41
Isin,US165069AP00
Isin,US165087AL10
Isin,US448814CP63
Isin,US448814CS03
Isin,US448814CT85
Isin,US448814DC42
Isin,CA448814DF74
Isin,US624284BD65
Isin,US644239AY16
Isin,US645767AW49
Isin,US742718AV11
Isin,CA748148KA05
Isin,US761157AB21
Isin,US761157AC04
Isin,US863871AM19
Isin,US078167AZ61
Isin,US448814DL41
Isin,US665585JP13
Isin,US048825AY93
Isin,US909279AE18
Isin,US909279AG65
Isin,US165069AQ82
Isin,US048825AZ68
Isin,US909279AR21
Isin,US023771M399
Isin,US023771M969
Isin,US023771N959
Isin,US023771WJ36
Isin,US023771WP95
Isin,US023771WS35
Isin,US058459AA69
Isin,US105421AF84
Isin,US115167AA60
Isin,US120084AA60
Isin,US120084AB44
Isin,US167772DZ25
Isin,US167772EB48
Isin,US203391AC11
Isin,US204620AA63
Isin,US206741AE01
Isin,US208915AA68
Isin,US210445AA06
Isin,US237413AA72
Isin,US247361WM65
Isin,US262246AB72
Isin,US278058AM49
Isin,US291737AB02
Isin,US290143AA45
Isin,US317421AC96
Isin,US317904AA86
Isin,US317904AB69
Isin,US345397FK43
Isin,US369622BT11
Isin,US369622CA11
Isin,US369622CC76
Isin,US369622CE33
Isin,US369622CF08
Isin,US369622CJ20
Isin,US369622CK92
Isin,US369622CL75
Isin,US369622CU74
Isin,US369622DD41
Isin,US422200AA36
Isin,US422660AB61
Isin,US445628AA80
Isin,US448814DB68
Isin,US449506AB05
Isin,US458124AF12
Isin,US459051FW37
Isin,US459051FX10
Isin,US459056JQ10
Isin,US460723AC32
Isin,US469834AC96
Isin,US485152AA07
Isin,US501323AA70
Isin,US502439AA04
Isin,US502439AC69
Isin,US536065AA37
Isin,US579865AK29
Isin,US579865AL02
Isin,US590007AA84
Isin,US649296AB61
Isin,US668027AT26
Isin,US690020AB84
Isin,US694454AA74
Isin,US704320AA81
Isin,US714275AA28
Isin,US720101CA07
Isin,US720101CB89
Isin,US720101CC62
Isin,US720101CD46
Isin,US720101CE29
Isin,US720101CF93
Isin,US720101CG76
Isin,US720101CH59
Isin,US720101CJ16
Isin,US720101CN28
Isin,US720101CP75
Isin,US720101CQ58
Isin,US720101CU60
Isin,US720101CV44
Isin,US720101CW27
Isin,US720101CX00
Isin,US720101CY82
Isin,US720101CZ57
Isin,US720101DA97
Isin,US720101DB70
Isin,US720101DC53
Isin,US720101FD19
Isin,US720101FM18
Isin,US720101FZ21
Isin,US720101GM09
Isin,US725900AA27
Isin,US737518AA83
Isin,US741394AB67
Isin,US741394AC41
Isin,US744567BA54
Isin,US744567BB38
Isin,US74955DAA90
Isin,US74955DAB73
Isin,US74955EAA73
Isin,US74955EAB56
Isin,US76116EFZ88
Isin,US76116EGA29
Isin,US76116EGB02
Isin,US76116EGC84
Isin,US76116EGD67
Isin,US76116EGE41
Isin,US76116EGF16
Isin,US76116EGG98
Isin,US76116EGH71
Isin,US76116EGJ38
Isin,US76116EGK01
Isin,US76116EGL83
Isin,US76116EGM66
Isin,US76116EGN40
Isin,US76116EGP97
Isin,US76116EGQ70
Isin,US76116EGR53
Isin,US76116EGW49
Isin,US76116EGX22
Isin,US76116EGY05
Isin,US76116EGZ79
Isin,US76116EHA10
Isin,US76116EHB92
Isin,US76116EHC75
Isin,US76116EHD58
Isin,US76116EHE32
Isin,US76116EHF07
Isin,US76116EHG89
Isin,US76116EHH62
Isin,US76116EHJ29
Isin,US76116EHK91
Isin,US76116EHL74
Isin,US76116EHM57
Isin,US76116EHN31
Isin,US76116EHP88
Isin,US76116FAB31
Isin,US76116FAC14
Isin,US808761AA86
Isin,US81756KAA97
Isin,US841338AA40
Isin,US841338AC06
Isin,US841338AD88
Isin,US841338AG10
Isin,US882895AE52
Isin,US892682AA37
Isin,US909029AA80
Isin,US909279AK77
Isin,US909279AL50
Isin,US909279AM34
Isin,US909279AP64
Isin,US909279AQ48
Isin,US911546DP15
Isin,US911546DQ97
Isin,US911546DR70
Isin,US911546DS53
Isin,US911546DT37
Isin,US911546DU00
Isin,US911546DV82
Isin,US911546DW65
Isin,US911546DX49
Isin,US911546DY22
Isin,US911546DZ96
Isin,US911546EA37
Isin,US911546EB10
Isin,US911546EC92
Isin,US911546ED75
Isin,US911546EE58
Isin,US911546EF24
Isin,US911546EG07
Isin,US911546EK19
Isin,US911546EL91
Isin,US911546EM74
Isin,US911546EN57
Isin,US911546EP06
Isin,US911546EQ88
Isin,US911546ER61
Isin,US911546ES45
Isin,US911546ET28
Isin,US911546EU90
Isin,US911546EV73
Isin,US911546EW56
Isin,US911546EX30
Isin,US911546EY13
Isin,US911546EZ87
Isin,US911546FA28
Isin,US911546FB01
Isin,US911546FC83
Isin,US911546FD66
Isin,US911546FE40
Isin,US911546FF15
Isin,US911546FG97
Isin,US911546FH70
Isin,US911546FJ37
Isin,US911546FK00
Isin,US911546FL82
Isin,US911546FM65
Isin,US911546FN49
Isin,US911546FP96
Isin,US911546FQ79
Isin,US911546FU81
Isin,US911546JD21
Isin,US911546JM20
Isin,US911546JW02
Isin,US911546KD02
Isin,US911546KH16
Isin,US911546KJ71
Isin,US911546KM01
Isin,US911546TZ23
Isin,US911546UA52
Isin,US911546UB36
Isin,US911546UC19
Isin,US911546UD91
Isin,US911546UE74
Isin,US911546UF40
Isin,US911546UG23
Isin,US911546UH06
Isin,US911546UJ61
Isin,US911546UK35
Isin,US911546UL18
Isin,US911546UM90
Isin,US911546UN73
Isin,US911546UP22
Isin,US911546UQ05
Isin,US911546UR87
Isin,US911546US60
Isin,US911546UT44
Isin,US911546UU17
Isin,US911546UV99
Isin,US911546UW72
Isin,US911546UX55
Isin,US911546UY39
Isin,US911546UZ04
Isin,US911546VA44
Isin,US911546VC00
Isin,US911546VD82
Isin,US911546VE65
Isin,US911546VF31
Isin,US911546VG14
Isin,US911546VH96
Isin,US911546VJ52
Isin,US911546VK26
Isin,US911546VL09
Isin,US911546VP13
Isin,US911546VT35
Isin,US078167BA02
Isin,US097023AE52
Isin,US651333DP89
Isin,US71713UAR32
Isin,US001814AR37
Isin,US71644EAB83
Isin,US252759AM79
Isin,US362320AT04
Isin,US912810EL80
Isin,US097023AG01
Isin,US969457AK67
Isin,US347471AN40
Isin,US881685AX97
Isin,US362338AQ80
Isin,US102183AE07
Isin,US244199AU90
Isin,US345370BJ82
Isin,US594185AQ33
Isin,US084423AC66
Isin,US283695AZ76
Isin,US811850AG11
Isin,US909279AT86
Isin,US165087AN75
Isin,US448814DX88
Isin,US980883AC68
Isin,US048825BA09
Isin,US543859AE21
Isin,US191219AP96
Isin,US345370BH27
Isin,US751277AQ79
Isin,US121897WQ12
Isin,US048825BB81
Isin,US451735AA21
Isin,US676346AF60
Isin,US824911AB73
Isin,US239753BL98
Isin,US669827DM61
Isin,US881685AY70
Isin,US879240AQ23
Isin,US852061AA81
Isin,US121899CH98
Isin,US642866DP91
Isin,US902120AD64
Isin,US239753BM71
Isin,US126408AM54
Isin,US23975HAN52
Isin,US317421AF28
Isin,US45905ADE55
Isin,US45905AJJ88
Isin,US45905ASE90
Isin,US369622BW40
Isin,US902905AL24
Isin,US645767AY05
Isin,US23975HAM79
Isin,US69512ECA10
Isin,US69512ECC75
Isin,US260547AH76
Isin,US057232AA81
Isin,US690020AD41
Isin,US879240AR06
Isin,US44881HBX17
Isin,US82087KAG40
Isin,US803854FA15
Isin,US669827DP92
Isin,US881685BB68
Isin,US14018LCE20
Isin,US69512EBY05
Isin,US097023AH83
Isin,US912803AY96
Isin,US912810EM63
Isin,US369622DH54
Isin,US690020AE24
Isin,US04775HAM97
Isin,US10075EAH18
Isin,US44881HCL69
Isin,US912833LF58
Isin,US191219AQ79
Isin,US126408AQ68
Isin,US386088AF50
Isin,US293561AS59
Isin,US912833LG32
Isin,US912833LJ70
Isin,US912803AZ61
Isin,US651333DR46
Isin,US73763HAP10
Isin,US102183AG54
Isin,US912810EN47
Isin,US422660AC45
Isin,US69512EDP79
Isin,US69512EDZ51
Isin,US69512EEK73
Isin,US90337QAK31
Isin,US25085JAP84
Isin,US25085JAF03
Isin,US04775HAK32
Isin,US539821AJ78
Isin,US649296AC45
Isin,US665585KH77
Isin,US69363FBA93
Isin,US69363FBF80
Isin,US720101JM71
Isin,US73763HAY27
Isin,US909285AB47
Isin,US911546PS26
Isin,US911546PT09
Isin,US911546PU71
Isin,US911546PV54
Isin,US911546PW38
Isin,US911546PX11
Isin,US911546PY93
Isin,US911546QZ59
Isin,US911546RB72
Isin,US911546RC55
Isin,US911546RD39
Isin,US911546RE12
Isin,US911546RF86
Isin,US911546RG69
Isin,US911546RH43
Isin,US911546RJ09
Isin,US911546RK71
Isin,US911546RR25
Isin,US313490CH52
Isin,US313490CJ19
Isin,US313490CK81
Isin,US313490CL64
Isin,US313490CM48
Isin,US313490CN21
Isin,US959432AB10
Isin,US959805AC67
Isin,US959826AD04
Isin,US959826AE86
Isin,US959826AF51
Isin,US959826AJ73
Isin,US961754AA66
Isin,US961833AA87
Isin,US961833AB60
Isin,US91154FAA75
Isin,US91154FAB58
Isin,US125509AG45
Isin,US67461FED50
Isin,US254063AR14
Isin,US312902DF32
Isin,US543859AG78
Isin,US459056LD78
Isin,US45950QAA58
Isin,US674098AD00
Isin,US349631AE10
Isin,US887315AM12
Isin,US751277AR52
Isin,US514886AC47
Isin,US912833LH15
Isin,US912833LK44
Isin,US912810EP94
Isin,US149123BD27
Isin,US557497AL87
Isin,US026609AC14
Isin,US260543BE23
Isin,US902905AN89
Isin,US136447AW96
Isin,US125509AH28
Isin,US902120AE48
Isin,US88731EAF79
Isin,US25085JAC71
Isin,US25085JAJ25
Isin,US694032AT09
Isin,US669771AS64
Isin,US905572AD52
Isin,US253849AK97
Isin,US465139BT96
Isin,US126117AE07
Isin,US98934KAB61
Isin,US347471AP97
Isin,US478160AF15
Isin,US90928RAA86
Isin,US71654XAC11
Isin,US546268AG84
Isin,US197679AB92
Isin,US760391AA04
Isin,US749412AB84
Isin,US029103AD00
Isin,US277432AB66
Isin,US449244AA03
Isin,US844030AA45
Isin,US307054AB27
Isin,US52517PAE16
Isin,US748148PD96
Isin,US001814AQ53
Isin,US431573AB01
Isin,US465139ER04
Isin,US465139ES86
Isin,US465139ET69
Isin,US465139EU33
Isin,US465139EV16
Isin,US057826AC32
Isin,US847499AD23
Isin,US278058AP79
Isin,US912833LM00
Isin,US197677AC10
Isin,US730481AA65
Isin,US59523FAA84
Isin,US88731EAJ91
Isin,US957674AD68
Isin,US277432AC40
Isin,US543859AK80
Isin,US88059FAN15
Isin,US448814EJ85
Isin,US45812CAD83
Isin,US909279AX98
Isin,US909279AW16
Isin,US912803BC67
Isin,US912803BA02
Isin,US219350AF21
Isin,US25085JBN28
Isin,US912810ES34
Isin,US912803BD41
Isin,US912833LN82
Isin,US912833LP31
Isin,US912833LR96
Isin,US912833LT52
Isin,US004724AA88
Isin,US004724AB61
Isin,US517289AA29
Isin,US362286AA49
Isin,US26054CBR34
Isin,US758940AB60
Isin,US465139GJ69
Isin,US465139GK33
Isin,US465139GL16
Isin,US465139GM98
Isin,US465139GN71
Isin,US465139GP20
Isin,US910197AC66
Isin,US207597CZ64
Isin,US097023AQ82
Isin,US60706HAJ23
Isin,US866762AK32
Isin,US628931AB33
Isin,US465139JB07
Isin,US465139JC89
Isin,US465139JD62
Isin,US465139JE46
Isin,US465139JF11
Isin,US465139JG93
Isin,US465139JH76
Isin,US31364A5M03
Isin,US63858SAA78
Isin,US146230AB34
Isin,US903293AN87
Isin,US749412AA02
Isin,US31364A6J64
Isin,US893247AC07
Isin,US913026AT76
Isin,US962166AT16
Isin,US912810ET17
Isin,US201615CY58
Isin,US31364A7K29
Isin,US524671AA21
Isin,US912803BE24
Isin,US912833LQ14
Isin,US912833LS79
Isin,US912833LU26
Isin,US524908AA83
Isin,US206814AA31
Isin,US38238QAD88
Isin,US38238QAC06
Isin,US38238QAB23
Isin,US38238QAE61
Isin,US962166AU88
Isin,US032511AH06
Isin,US122014AH64
Isin,US619630AC01
Isin,US74406QAH02
Isin,US52517PAZ45
Isin,US04775HAN70
Isin,US74740FFD33
Isin,US386088AH17
Isin,US337358BA27
Isin,US74406QAJ67
Isin,US043413AH69
Isin,US099542AA05
Isin,US8447HEAA49
Isin,US8447HBAA00
Isin,US74406QAM96
Isin,US620076AH21
Isin,US172967AL52
Isin,US75820QAC69
Isin,US597433AC57
Isin,US74740FFP62
Isin,US747402AH84
Isin,US69363FAZ53
Isin,US718337AB40
Isin,US718337AC23
Isin,US25085JBB89
Isin,US12705QAM78
Isin,US69512EFR18
Isin,US345397FL26
Isin,US19416QBX79
Isin,US001814AS10
Isin,US172967AM36
Isin,US905581AQ72
Isin,US905581AR55
Isin,US543859AL63
Isin,US456866AJ14
Isin,US456866AL69
Isin,US278058AQ52
Isin,US458182BV36
Isin,US05361HCE27
Isin,US05361HCF91
Isin,US532457AM04
Isin,US05361HCK86
Isin,US172070BT08
Isin,US31364BDT44
Isin,US577778AZ63
Isin,US63618EAR27
Isin,US45475QAB95
Isin,US751277AS36
Isin,US31364BEP13
Isin,US549271AA22
Isin,US224044AG22
Isin,US45475QAC78
Isin,US665772BN81
Isin,US197677AG24
Isin,US36962F2H81
Isin,US21935NAS45
Isin,US21935NAU90
Isin,US36962F2L93
Isin,US369622DS10
Isin,US026351AU04
Isin,US870836AC77
Isin,US12639EAA10
Isin,US19767QAN51
Isin,US059438AG67
Isin,US524908BF61
Isin,US903293AP36
Isin,US912810EV62
Isin,US912803BF98
Isin,US912833LW81
Isin,US05361HCQ56
Isin,US69512EGA73
Isin,US69512EGB56
Isin,US88168LCT17
Isin,US88168LCV62
Isin,US88168LCW46
Isin,US88168LCX29
Isin,US54866NAY58
Isin,US54866NAU37
Isin,US54866NAT63
Isin,US36959CAA62
Isin,US69363FBD33
Isin,US44881HCK86
Isin,US90337QAJ67
Isin,US69512EDQ52
Isin,US69512EDS19
Isin,US69512EDL65
Isin,US69363FAV40
Isin,US87942UAC53
Isin,US620076AK59
Isin,US158525AQ85
Isin,US69553QAC24
Isin,US912920AK17
Isin,US36962F5E24
Isin,US115885AK10
Isin,US19767QAQ82
Isin,US465139KT95
Isin,US465139KU68
Isin,US465139KV42
Isin,US465139KW25
Isin,US465139KX08
Isin,US465139KY80
Isin,US465139KZ55
Isin,US465139LA95
Isin,US72018QAD34
Isin,US929771AE35
Isin,US079867AM91
Isin,US10075EAU29
Isin,US10075EAT55
Isin,US63100RAY36
Isin,US45812CAE66
Isin,US410867AA35
Isin,US337358BD65
Isin,US458182BW19
Isin,US19567PAA75
Isin,US190441AR62
Isin,US638585AP43
Isin,US002033AA62
Isin,US448814ET67
Isin,CA448814EX71
Isin,US459200AM34
Isin,US459200AN17
Isin,US032165AD41
Isin,US04775HAL15
Isin,US38238QAH92
Isin,US158525AR68
Isin,US879273AE01
Isin,US345370BN94
Isin,US74406QAX51
Isin,US450679AT20
Isin,US29455JBH95
Isin,US656531AD28
Isin,US63618EAM30
Isin,US56509TCG76
Isin,US56509TCE29
Isin,US832724AB40
Isin,US21935NAV73
Isin,US350244AA78
Isin,US72018QAB77
Isin,US72018QAC50
Isin,US197677AH07
Isin,US079867AN74
Isin,US156686AJ67
Isin,US079867AP23
Isin,US667748AF48
Isin,US573284AA43
Isin,US94068VAV53
Isin,US055291AC24
Isin,US373298BN79
Isin,US976656BL10
Isin,US197677AJ62
Isin,US66765RAU05
Isin,US10075EAY41
Isin,US10075EAZ16
Isin,US478366AF41
Isin,US451713AA92
Isin,US12189TAA25
Isin,US783549AZ16
Isin,US252567AB82
Isin,US079867AS61
Isin,US69512ECB92
Isin,US485170AF18
Isin,US880370BP56
Isin,US950590AG46
Isin,US016900AC60
Isin,US69512EGD13
Isin,US90982PAA57
Isin,US69512EFF79
Isin,US69512EFP51
Isin,US19567PAB58
Isin,US36962GAM69
Isin,US55262CAE03
Isin,US785152AA75
Isin,US93936KBK43
Isin,US93936KBL26
Isin,US742718BH18
Isin,US589331AC16
Isin,US532457AP35
Isin,US413875AE50
Isin,US887315BB48
Isin,US887315AZ25
Isin,US744516AA32
Isin,US880277AD06
Isin,US110709DL37
Isin,US880591CJ98
Isin,US88059FAV31
Isin,US88059EHG26
Wpk,A0LBRA
Isin,US8163321008
Isin,US9289695002
Isin,US0014197463
Wpk,970044
Isin,US7429694398
ValorenNumber,582280
Isin,US7429694703
ValorenNumber,2546703
ValorenNumber,2030954
ValorenNumber,1375677
ValorenNumber,917240
ValorenNumber,916808
ValorenNumber,582314
ValorenNumber,621555
Isin,US0186361004
ValorenNumber,1033079
ValorenNumber,155453
ValorenNumber,153771
ValorenNumber,2498926
Isin,US19764J1043
ValorenNumber,967541
Wpk,A1CTJY
Wpk,A0YH29
Isin,US6819374884
ValorenNumber,873772
ValorenNumber,873891
Isin,US0014133013
ValorenNumber,2078912
ValorenNumber,661350
ValorenNumber,1198854
ValorenNumber,766323
ValorenNumber,951183
Wpk,987021
Wpk,A1C03A
ValorenNumber,1387535
Wpk,971142
ValorenNumber,1709122
ValorenNumber,74131
Isin,US8769221057
Wpk,970077
Wpk,970078
Wpk,754954
ValorenNumber,787262
Wpk,970082
Isin,US2562011047
Wpk,631864
Wpk,A0M0K0
Isin,US52468E1055
ValorenNumber,1030479
Wpk,806928
Wpk,970086
ValorenNumber,104655
ValorenNumber,927119
Isin,US01859T1060
ValorenNumber,964590
Wpk,972837
Wpk,A1C0M8
Wpk,970376
ValorenNumber,967538
Isin,US8297971090
ValorenNumber,970775
ValorenNumber,282145
ValorenNumber,969583
Wpk,A0RB35
Wpk,971812
ValorenNumber,1283084
Wpk,970097
Wpk,970100
Isin,US0014107033
ValorenNumber,2437511
Wpk,676165
Wpk,985332
ValorenNumber,71601
ValorenNumber,915827
ValorenNumber,1032254
ValorenNumber,637083
ValorenNumber,873782
Wpk,971838
Wpk,A0Q0SN
ValorenNumber,931818
Wpk,970108
ValorenNumber,4862
ValorenNumber,873791
Isin,US9269028596
Wpk,970132
ValorenNumber,969663
Wpk,970881
ValorenNumber,912984
ValorenNumber,1032256
Wpk,972834
Wpk,970135
Wpk,971141
ValorenNumber,943625
ValorenNumber,927113
ValorenNumber,1124452
ValorenNumber,1380629
ValorenNumber,1381042
ValorenNumber,925186
Wpk,970146
ValorenNumber,1851887
ValorenNumber,628772
Isin,US09255T1097
ValorenNumber,111374
ValorenNumber,2288029
Wpk,970382
Wpk,970636
ValorenNumber,2140316
ValorenNumber,1132145
ValorenNumber,2548260
Isin,US00245Y1001
Isin,US00246B1098
ValorenNumber,2554160
ValorenNumber,199325
ValorenNumber,292267
ValorenNumber,839316
ValorenNumber,839326
ValorenNumber,840255
Sedol,2491000
ValorenNumber,809959
ValorenNumber,840256
ValorenNumber,947659
ValorenNumber,677343
ValorenNumber,415601
Isin,US19766F3405
Wpk,971470
ValorenNumber,199326
ValorenNumber,415600
Wpk,970510
Wpk,970499
Isin,US63867R4074
Isin,US63872R1032
Isin,US6412243080
Isin,US19764U4067
Isin,US36239V1089
Isin,US5757191094
Isin,US5757361036
Isin,US9720011017
Isin,US36464W1027
Isin,US52469F1350
Isin,US31638R2040
Isin,US2620014314
Isin,US87505V3978
Isin,US52469E1047
Isin,US00141B5848
Isin,US22235L2034
Isin,US63867R6210
Isin,US63867R2581
Isin,US6283801073
Isin,US3176091391
Isin,US8163351039
Isin,US92828N7912
Isin,US0185251057
Isin,US77956H2031
Isin,US6169332060
Isin,US68380H2085
Isin,US2862791041
Isin,US6642101017
Isin,US09251G5071
Isin,US5434873189
Isin,US25155T5103
Isin,US52470J4076
Isin,US7795721064
Isin,US2382102075
Isin,US0014225009
Isin,US7175881074
Isin,US22540Y8259
Isin,US3696611033
Sedol,2689043
Isin,US3525181042
Isin,US7414791092
Isin,US7795621074
Isin,US00142J4792
Isin,US2390801049
Isin,US3163451079
Isin,US2459128789
Isin,US37252M1080
Isin,US7467611056
Isin,US7467921000
Isin,US7468091027
Isin,US23337T1025
Isin,US25156G7152
Isin,US25157W4042
Isin,US25157M6791
Isin,US7809058404
Isin,US01877E1073
Isin,US3534962010
Isin,US7467451081
Isin,US0030213674
Isin,US8603248399
Isin,US9220313079
Isin,US40168W1036
Isin,US40168W4758
Isin,US8162211051
Isin,US9032891064
Isin,US47803P3029
Isin,US9229072098
Isin,US8574831017
Isin,US03072W1062
Isin,US19765N4198
Isin,US81115H1041
Isin,US00143K4004
Isin,US25159L5628
Sedol,2893208
Isin,US41013P1030
Isin,US48019P1021
Isin,US4099063020
Isin,US3535181032
Isin,US9229073088
Isin,US0250831064
Isin,US0250835024
Isin,US9229071009
Isin,US46600G8794
Isin,US30249C1018
Isin,US9300571042
Isin,US9300575001
Isin,US9204231008
Isin,US9204401049
Isin,US9204571080
Isin,US89360D1081
Isin,US2338201096
Isin,US9301321058
Isin,US93208V3042
Isin,US9393301067
Isin,US9219351023
Isin,US89360C4235
Isin,US74972K5598
Isin,US8163381077
Isin,US9220181062
Isin,US3535161075
Isin,US6537411083
Isin,US00142C2439
Isin,US2620014983
Isin,US9219261016
Isin,US9220314069
Isin,US0265101073
Isin,US3160711095
Isin,US3139141036
Isin,US5246944038
Isin,US1976661009
Isin,US3678292075
Isin,US60934N2945
Isin,US7239071019
Sedol,B0C9435
Isin,US00143M7112
Isin,US3160621088
Isin,US2459051049
Isin,US3160895070
Isin,US7240272309
Isin,US8568481068
Isin,US8568511005
Isin,US5648153063
Isin,US8801961009
Isin,US8252492041
Isin,US7470121028
Isin,US25155T6689
Isin,US3141951083
Isin,US60934N7407
Isin,US9219281071
Isin,US3535351072
Isin,US1166501023
Isin,US7795511002
Isin,US25155T5699
Isin,US74925K7063
Isin,US6537351008
Isin,US09252L5057
Isin,US5529841067
Isin,US41014E8342
Isin,US00143M7781
Isin,US7467821010
Isin,US41014E8185
Isin,US0155661020
Isin,US7557401079
Isin,US41014E7682
Isin,US63873A1097
Isin,US41014E7922
Sedol,B0C9DK5
Isin,US2459108070
Isin,US09248U7182
Isin,US78443M6075
Sedol,2337751
Isin,US8568391051
Isin,US8568341064
Isin,US1315771089
Isin,US94984B6377
Isin,US2779117496
Isin,US05528C4024
Isin,US9899969136
Sedol,2689106
Isin,US09253V1061
Isin,US40168W4345
Isin,US2391038641
Isin,US9300576660
Isin,US9300577999
Isin,US6837961068
Isin,US6956271091
Isin,US0088797446
Isin,US0014217428
Isin,US6169801080
Isin,US19765L8506
Isin,US9196421088
Isin,US74441U2042
Isin,US9220312089
Isin,US7839257950
Isin,US9229074078
Isin,US6261241011
Isin,US38142B7991
Isin,US8172705076
Sedol,B0CB011
Isin,US7429751057
Isin,US3159108444
Isin,US44980G6017
Isin,US00900W1009
Isin,US3164641066
Isin,US3159108519
Isin,US19766G8684
Isin,US19764F8547
Isin,US3002374763
Isin,US61744J8383
Isin,US19765N4685
Isin,US9229075067
Isin,US31420C7048
Isin,US63872R8300
Isin,US0185501030
Isin,US89154W1062
Isin,US60934N7324
Isin,US32008F5070
Isin,US3534966078
Isin,US1971994090
Isin,US78443L6092
Isin,US3002587380
Isin,US9219381061
Isin,GB0006650450
Isin,GB0030232317
Isin,GB00B2NGPM57
Isin,GB0004148507
Isin,GB0004220025
Isin,GB00BJ62K685
Isin,GB00B7N0K053
Isin,GB00B1Z4ST84
Isin,GB00BYRJ5J14
Isin,IL0011284465
Isin,GB0006827546
Isin,GB00B18V8630
Isin,GB0031544546
Isin,GB00BY2Z0H74
Isin,IM00B7S9G985
Isin,GB00B19Z1432
Isin,GB00BDCXV269
Isin,GB00B0WMWD03
Isin,GB0002148343
Isin,GB0007366395
Isin,GB00BG11K365
Isin,GB00B41H7391
Isin,NL0012650360
Isin,GB00BDVZYZ77
Isin,GB00B1L5QH97
Isin,GB00BVFNZH21
Isin,GB00B0YG1K06
Isin,GB00B1N7Z094
Isin,GB0007873697
Isin,GB00BYWVDP49
Isin,GB00BYZDVK82
Isin,GB0007918872
Isin,GG00BV54HY67
Isin,GB0007990962
Isin,GB00BKDM7X41
Isin,GB0007291015
Isin,GB00B2PDGW16
Isin,JE00BVRZ8S85
Isin,GB00B0CRWN59
Isin,GG00BFYT9H72
Isin,GB0004726096
Isin,GG00B1W3VF54
Isin,GB0007973794
Isin,GB00BGJWTR88
Isin,GB00BGBN7C04
Isin,GB00B135BJ46
Isin,GB0003308607
Isin,GG00B8P59C08
Isin,GB0009887422
Isin,GB0008754136
Isin,JE00BMDZN391
Isin,GB0008829292
Isin,GB0008794710
Isin,GB00BYQB9V88
Isin,GB0001500809
Isin,GB0008825324
Isin,GB00BK9RKT01
Isin,GG00BBHX2H91
Isin,GB00BKDTK925
Isin,GB0009064097
Isin,DE000TUAG000
Isin,IE0033024807
Isin,GB00B19Z2J52
Isin,GB00B8SC6K54
Isin,GB0009123323
Isin,GB00BDFGHW41
Isin,GB0006928617
Isin,GB0009292243
Isin,GB00BKM2MW97
Isin,KYG9361H1092
Isin,GB00BD6GN030
Isin,GG00BYXVT888
Isin,GB00B82YXW83
Isin,GB0001859296
Isin,GB00BDGT2M75
Isin,GB00B5N0P849
Isin,GB00BL6C2002
Isin,JE00BN574F90
Isin,GB00B67G5X01
Isin,GB00BJDQQ870
Isin,GB00BJTRSD38
Isin,GB0003385308
Isin,SG9999003735
Isin,JP9010C00002
Isin,JP3718800000
Isin,JP3625000009
Isin,JP3599000001
Isin,JP3891600003
Isin,JP3351200005
Isin,JP3876600002
Isin,JP3549600009
Isin,JP3903000002
Isin,JP3789000001
Isin,JP3885780001
Isin,JP3294460005
Isin,JP3371200001
Isin,JP3402600005
Isin,JP3900000005
Isin,JP3502200003
Isin,JP3305530002
Isin,JP3256000005
Isin,JP3638600001
Isin,JP3224200000
Isin,JP3762600009
Isin,JP3443600006
Isin,JP3888300005
Isin,JP3827200001
Isin,JP3134800006
Isin,JP3863800003
Isin,JP3190000004
Isin,JP3897700005
Isin,JP3407400005
Isin,JP3305990008
Isin,JP3165000005
Isin,JP3358800005
Isin,JP3158800007
Isin,JP3811000003
Isin,JP3672400003
Isin,JP3183200009
Isin,JP3768600003
Isin,JP3551520004
Isin,JP3613400005
Isin,JP3137200006
Isin,JP3890310000
Isin,JP3210200006
Isin,JP3205800000
Isin,JP3970300004
Isin,JP3633400001
Isin,JP3476480003
Isin,JP3505000004
Isin,JP3463000004
Isin,JP3172100004
Isin,JP3792600003
Isin,JP3910660004
Isin,JP3420600003
Isin,JP3942400007
Isin,JP3122800000
Isin,JP3899800001
Isin,JP3539220008
Isin,JP3667600005
Isin,JP3495000006
Isin,JP3752900005
Isin,JP3868400007
Isin,JP3893200000
Isin,JP3676800000
Isin,JP3347200002
Isin,JP3304200003
Isin,JP3854600008
Isin,JP3899600005
Isin,JP3918000005
Isin,JP3519400000
Isin,JP3405400007
Isin,JP3397200001
Isin,JP3582600007
Isin,JP3743000006
Isin,JP3160400002
Isin,JP3787000003
Isin,JP3814800003
Isin,JP3409000001
Isin,JP3435750009
Isin,JP3546800008
Isin,JP3266400005
Isin,JP3942800008
Isin,JP3597800006
Isin,JP3548610009
Isin,JP3475350009
Isin,JP3166000004
Isin,JP3657400002
Isin,JP3574200006
Isin,JP3320800000
Isin,JP3188220002
Isin,JP3481800005
Isin,JP3201200007
Isin,JP3196000008
Isin,JP3116000005
Isin,JP3493400000
Isin,JP3720800006
Isin,JP3494600004
Isin,JP3277800003
Isin,JP3258000003
Isin,JP3933800009
Isin,JP3165600002
Isin,JP3242800005
Isin,JP3278600006
Isin,JP3459600007
Isin,JP3637300009
Isin,JP3292200007
Isin,JP3973400009
Isin,JP3783600004
Isin,JP3663900003
Isin,JP3311400000
Isin,JP3906000009
Isin,JP3352400000
Isin,JP3659000008
Isin,JP3240400006
Isin,JP3967200001
Isin,JP3788600009
Isin,JP3778630008
Isin,JP3566800003
Isin,JP3119600009
Isin,JP3814000000
Isin,JP3902400005
Isin,JP3629000005
Isin,JP3729400006
Isin,JP3665200006
Isin,JP3300600008
Isin,JP3820000002
Isin,JP3493800001
Isin,JP3940000007
Isin,JP3726800000
Isin,JP3351600006
Isin,JP3932000007
Isin,JP3942600002
Isin,JP3753000003
Isin,JP3386380004
Isin,JP3142500002
Isin,JP3197800000
Isin,JP3143600009
Isin,JP3362700001
Isin,JP3894900004
Isin,JP3386450005
Isin,JP3385820000
Isin,JP3877600001
Isin,JP3223800008
Isin,JP3619800000
Isin,JP3955800002
Isin,JP3733000008
Isin,JP3635000007
Isin,JP3429800000
Isin,JP3951200009
Isin,JP3830800003
Isin,JP3818000006
Isin,JP3893600001
Isin,JP3902000003
Isin,JP3678000005
Isin,JP3112000009
Isin,JP3194000000
Isin,JP3571400005
Isin,JP3396350005
Isin,JP3569200003
Isin,JP3686800008
Isin,JP3414750004
Isin,JP3404600003
Isin,JP3735400008
Isin,JP3422950000
Isin,JP3733400000
Isin,JP3866800000
Isin,JP3898400001
Isin,JP3496400007
Isin,JP3544000007
Isin,JP3400900001
Isin,JP3359600008
Isin,JP3456000003
Isin,JP3732000009
Isin,JP3621000003
Isin,JP3449020001
Isin,JP3435000009
Isin,JP3870400003
Isin,JP3585800000
Isin,JP3269600007
Isin,JP3560800009
Isin,JP3538800008
Isin,JP3271400008
Isin,JP3526600006
Isin,JP3111200006
Isin,JP3596200000
Isin,JP3126400005
Isin,JP3388200002
Isin,JP3228600007
Isin,JP3322930003
Isin,JP3695200000
Isin,JP3955000009
Isin,JP3729000004
Isin,JP3573000001
Isin,JP3758190007
Isin,JP3381000003
Isin,JP3122400009
Isin,JP3711200000
Isin,JP3180400008
Isin,JP3174410005
Isin,JP3289800009
Isin,JP3551500006
Isin,JP3902900004
Isin,JP3598600009
Isin,JP3721600009
Isin,JP3386030005
Isin,JP3209000003
Isin,JP3500610005
Isin,JP3165700000
Isin,JP3368000000
Isin,JP3448000004
Isin,JP3802400006
Isin,JP3892100003
Isin,JP3421800008
Isin,JP3401400001
Isin,JP3721400004
Isin,JP3249600002
Isin,JP3890350006
Isin,JP3300200007
Isin,JP3670800006
Isin,JP3700200003
Isin,JP3452000007
Isin,JP3511800009
Isin,JP3802300008
Isin,JP3595200001
Isin,JP3888400003
Isin,JP3684000007
Isin,JP3805010000
Isin,JP3436100006
Isin,INE117A01022
Isin,INE07Y701011
Isin,INE442H01029
Isin,INE358A01014
Isin,INE079A01024
Isin,INE012A01025
Isin,INE399L01023
Isin,INE931S01010
Isin,INE423A01024
Isin,INE837H01020
Isin,INE647O01011
Isin,INE364U01010
Isin,INE767A01016
Isin,INE674K01013
Isin,INE208C01025
Isin,INE00WC01019
Isin,INE212H01026
Isin,INE031B01049
Isin,INE133A01011
Isin,INE901L01018
Isin,INE540L01014
Isin,INE150B01039
Isin,INE426A01027
Isin,INE270A01029
Isin,INE885A01032
Isin,INE371P01015
Isin,INE702C01027
Isin,INE437A01024
Isin,INE438A01022
Isin,INE742F01042
Isin,INE406A01037
Isin,INE769A01020
Isin,INE208A01029
Isin,INE021A01026
Isin,INE006I01046
Isin,INE203A01020
Isin,INE100A01010
Isin,INE914M01019
Isin,INE949L01017
Isin,INE216P01012
Isin,INE192R01011
Isin,INE871C01038
Isin,INE238A01034
Isin,INE119A01028
Isin,INE933K01021
Isin,INE917I01010
Isin,INE263A01024
Isin,INE545U01014
Isin,INE171Z01018
Isin,INE373A01013
Isin,INE176A01028
Isin,INE462A01022
Isin,INE050A01025
Isin,INE032A01023
Isin,INE258A01016
Isin,INE465A01025
Isin,INE257A01026
Isin,INE376G01013
Isin,INE836A01035
Isin,INE118A01012
Isin,INE193E01025
Isin,INE296A01024
Isin,INE918I01018
Isin,INE233B01017
Isin,INE416D01022
Isin,INE787D01026
Isin,INE164A01016
Isin,INE472A01039
Isin,INE457A01014
Isin,INE028A01039
Isin,INE084A01016
Isin,INE323A01026
Isin,INE029A01011
Isin,INE463A01038
Isin,INE791I01019
Isin,INE216A01030
Isin,INE340A01012
Isin,INE838B01013
Isin,INE397D01024
Isin,INE118H01025
Isin,INE010B01027
Isin,INE180C01026
Isin,INE475E01026
Isin,INE172A01027
Isin,INE483A01010
Isin,INE421D01022
Isin,INE111A01025
Isin,INE482A01020
Isin,INE736A01011
Isin,INE739E01017
Isin,INE486A01013
Isin,INE427F01016
Isin,INE121A01024
Isin,INE085A01013
Isin,INE149A01033
Isin,INE178A01016
Isin,INE059A01026
Isin,INE476A01014
Isin,INE477A01020
Isin,INE348B01021
Isin,INE055A01016
Isin,INE522F01014
Isin,INE704P01017
Isin,INE591G01017
Isin,INE259A01022
Isin,INE169A01031
Isin,INE120A01034
Isin,INE741K01010
Isin,INE752H01013
Isin,INE299U01018
Isin,INE007A01025
Isin,INE679A01013
Isin,INE491A01021
Isin,INE298A01020
Isin,INE136B01020
Isin,INE016A01026
Isin,INE00R701025
Isin,INE950I01011
Isin,INE503A01015
Isin,US88059EHH09
Isin,US88059EHJ64
Isin,US88059EHK38
Isin,US88059EHL11
Isin,US88059EHM93
Isin,US88059EHN76
Isin,US88059EHP25
Isin,US88059EHQ08
Isin,US712219AC86
Isin,US69512EGK55
Isin,US465139MQ39
Isin,US465139MR12
Isin,US465139MS94
Isin,US465139MT77
Isin,US465139MU41
Isin,US465139MV24
Isin,US465139MW07
Isin,US465139MX89
Isin,US74406QAZ00
Isin,US141781AD69
Isin,US54986QAA58
Isin,US912810EW46
Isin,US86703QBJ94
Isin,US459216AD94
Isin,US19567PAC32
Isin,US872287AF41
Isin,US912833LY48
Isin,US912803BG71
Isin,US867914AH65
Isin,US86703QBN07
Isin,US158525AS42
Isin,US122014AJ21
Isin,US29444VAD64
Isin,US554783AK62
Isin,US36158FAA84
Isin,US317873AY36
Isin,US037411AJ46
Isin,US74740FGL40
Isin,US74740FGM23
Isin,US33738KAA34
Isin,US33738MAA99
Isin,US055450AH34
Isin,US74406QBD88
Isin,US538021AC00
Isin,US538021AH96
Isin,US45337HAB78
Isin,US45337HAC51
Isin,US038213AA27
Isin,US742718BG35
Isin,US500631AE67
Isin,US38238QAJ58
Isin,US98458PAA30
Isin,US975515AD97
Isin,US449247AA34
Isin,US880591CK61
Isin,US44881HEU41
Isin,US303901AB88
Isin,US74342CAA36
Isin,US037411AK19
Isin,US31364CCC01
Isin,US893939AE81
Isin,US36962GFS84
Isin,US539830AF63
Isin,US539830AD16
Isin,US31364CDR60
Isin,US718337AE88
Isin,US00915XBL47
Isin,US36962GFW96
Isin,US02145KAE73
Isin,US12189TAD63
Isin,US896678AD15
Isin,US74740FFF80
Isin,US25085JBA07
Isin,US030096AF88
Isin,US71644EAE23
Isin,US260547AG93
Isin,US64806QAA22
Isin,US25085JBR32
Isin,US20452CAA27
Isin,US911596AL86
Isin,US52555LAA17
Isin,US013104AC87
Isin,US665810AB31
Isin,US857473AE21
Isin,US00915XBM20
Isin,US00915XBN03
Isin,US44881HBY99
Isin,US44881HET77
Isin,US252747AF73
Isin,US172967AQ40
Isin,US969133AK36
Isin,US969133AJ62
Isin,US31364EAD67
Isin,US31364DCX21
Isin,US31364DCW48
Isin,US31364DCV64
Isin,US31364DCU81
Isin,US31364DCT19
Isin,US31364DCS36
Isin,US31364DCR52
Isin,US31364DCQ79
Isin,US31364DCP96
Isin,US31364DCN49
Isin,US19767QAS49
Isin,US893570BL44
Isin,US31339CLQ14
Isin,US196469AA81
Isin,US254063AU43
Isin,US31364CHD39
Isin,US882850CX68
Isin,US294549AE01
Isin,US912325AB35
Isin,US028821AA48
Isin,US524909AW86
Isin,US252567AA00
Isin,US92929QAQ01
Isin,US458182BY74
Isin,US844895AL61
Isin,US912810EX29
Isin,US337358BH79
Isin,US261597AG33
Isin,US345370BP43
Isin,US26884AAD54
Isin,US07171JAE64
Isin,US912803BH54
Isin,US912833PA26
Isin,US313747AF40
Isin,US008117AH61
Isin,US008117AJ28
Isin,US24736QAY98
Isin,US454614AK45
Isin,US110709EC29
Isin,US449247AB17
Isin,US269153AA04
Isin,US269153AB86
Isin,US465138QY44
Isin,US465138QZ19
Isin,US465138RA58
Isin,US465138RB32
Isin,US465138RC15
Isin,US465138RD97
Isin,US465138RE70
Isin,US465138RF46
Isin,US465138RG29
Isin,US465138RH02
Isin,US69364RAB15
Isin,US870845AC84
Isin,US141781AE43
Isin,US666807AQ52
Isin,US91154GAA58
Isin,US91154GAB32
Isin,US200339AJ80
Isin,US91154GAC15
Isin,US96647KAF93
Isin,US032511AJ61
Isin,US02378HAD44
Isin,US247367AB19
Isin,US247367AA36
Isin,US247367AM73
Isin,US191219AW48
Isin,US91154RAB96
Isin,US91154RAC79
Isin,US205887AF97
Isin,US905581AS39
Isin,US35921LAA35
Isin,US191219AX21
Isin,US72018QAE17
Isin,US93884PCJ75
Isin,US64806QAD60
Isin,US017475AC89
Isin,US907834AB13
Isin,US88739LAR78
Isin,US66765RAV87
Isin,US209615BQ52
Isin,US93884PCL22
Isin,US53079QAC15
Isin,US459216AG26
Isin,US93884PCK49
Isin,US059438AH41
Isin,US695168AC84
Isin,US912810EY02
Isin,US345370BR09
Isin,US36962GHP28
Isin,US037411AL91
Isin,US907834AC95
Isin,US637432BS38
Isin,US158525AT25
Isin,US61688AAD00
Isin,US912803BJ11
Isin,US912833PB09
Isin,US64806QAG91
Isin,US36962GHR83
Isin,US283695BE39
Isin,US032511AK35
Isin,US912833LV09
Isin,US912833LX64
Isin,US00142R1095
Isin,US00142C7065
Isin,US0187801065
Isin,US00142R3075
Isin,US3161271099
Isin,US9114781050
Isin,US06847P1084
Isin,US7689196076
Isin,US6283803053
Isin,US9204001088
Isin,US2459082077
Isin,US60934N6664
Isin,US59563J1034
Isin,US09252M8340
Isin,US1475431029
Isin,US92828N4034
Isin,US74440Y2072
Isin,US7469331000
Isin,US00141B5764
Isin,US76131T1088
Isin,US60934N2291
Isin,US5529813009
Isin,US44978A2933
Isin,US24611D5730
Isin,US0423171075
Isin,US44978A2776
Isin,US26201S1006
Isin,US56062F2285
Isin,US7236221062
Isin,US8111961046
Isin,US76931J1025
Isin,US74925K6073
Isin,US4533201038
Isin,US2620162071
Sedol,B6T5CB2
Isin,US52470R8887
Isin,US92113B1061
Isin,US92838V8330
Isin,US44978A2446
Isin,US92828R6852
Isin,US1315822072
Isin,US9300577163
Isin,US5439181067
Isin,US44978A2289
Isin,US5440041045
Isin,US5574924933
Isin,US0185961069
Isin,US92828R7843
Isin,US6283802063
Isin,US26248T3014
Isin,US5527231089
Isin,US24611D5409
Isin,US92913X8112
Isin,US92913X8377
Isin,US2862811005
Isin,US0250813088
Isin,US3163454040
Isin,US3161721051
Isin,US6282638328
Isin,US46600G6970
Isin,US5578771074
Isin,US8769021077
Isin,US2695901056
Isin,US5529811029
Isin,US3535381012
Isin,US3161461096
Isin,US19765L5874
Isin,US4710213038
Isin,US7042231065
Isin,US3161841008
Isin,US92828N7003
Isin,US05588Q1013
Isin,US0014218582
Isin,US9204471091
Isin,US5770861012
Isin,US8858824498
Isin,US0014217006
Isin,US09661D4097
Isin,US6641991061
Isin,US92913X8781
Isin,US9032881081
Isin,US2779071016
Isin,US92647Q5870
Isin,US85917K5618
Isin,US3696641071
Isin,US6480181097
Isin,US09252M7763
Isin,US7464761003
Isin,US9220311099
Isin,US9229087021
Isin,US0250818038
Isin,US7795701009
Isin,US4710211057
Isin,US09251C5067
Isin,US92913L6920
Isin,US63872R7989
Isin,US5440061092
Isin,US2620151009
Isin,US92914P1066
Isin,US76931H6018
Isin,US6839671038
Isin,US0185288026
Isin,US0014222030
Isin,US0978731034
Isin,US4710238530
Isin,US2779118718
Isin,US4102231010
Isin,US8141431036
Isin,US3163894021
Isin,US9032882071
Isin,US2949371072
Isin,US3163905256
Isin,US4710212048
Isin,US55272P2083
Isin,US92113Q1031
Isin,US74441N2009
Isin,US6099202029
Isin,US4165293782
Isin,US09248U6192
Isin,US1976171033
Sedol,BYPJQB2
Isin,US30249G1022
Isin,US9300572784
Isin,US465139BU69
Isin,US465139BV43
Isin,US912803BB84
Isin,US097023AK13
Isin,US043413AE39
Isin,US866930AB63
Isin,US720101JP03
Isin,US893868AA72
Isin,US41163GAD34
Isin,US136375AY82
Isin,US209864AU14
Isin,US891027AF12
Isin,US00077TAA25
Isin,US110122AA65
Isin,US345370BM12
Isin,US656531AC45
Isin,US081499AA30
Isin,US882850CM04
Isin,US748148PB31
Isin,US224044AE73
Isin,US097023AM78
Isin,US902905AQ11
Isin,US913026AU40
Isin,US171870AK44
Isin,US361582AD15
Isin,US962166AS33
Isin,US254687AH95
Isin,US912833LL27
Isin,US191216AF75
Isin,US912810EQ77
Isin,US302723AA95
Isin,US008117AG88
Isin,US293561AU06
Isin,US46031KAA97
Isin,US117043AE96
Isin,US960402AS49
Isin,US882895AG01
Isin,US665815AH97
Isin,US811850AJ59
Isin,US191219AU81
Isin,US543859AH51
Isin,US465410AH18
Isin,US651333DS29
Isin,US465139DP56
Isin,US465139DR13
Isin,US465139DQ30
Isin,US465139CA96
Isin,US931142AU74
Isin,US143658AF97
Isin,US097023AN51
Isin,US989822AA99
Isin,US669380AW79
Isin,US654894AE49
Isin,US00077TAB08
Isin,US69512EGF60
Isin,US460146AP85
Isin,US124845AF59
Isin,US059538AC29
Isin,US718592AB40
Isin,US759464AH35
Isin,US126117AE07
Isin,US912833LZ13
Isin,US079857AC20
Isin,US110122AB49
Isin,US040114AN02
Isin,US191219AY04
Isin,US74815HCF73
Isin,US74815HCC43
Isin,US74815HCH30
Isin,US976585AG48
Isin,US04775HCH84
Isin,US893868AC39
Isin,US172909AJ24
Isin,US172909AH67
Isin,US98412JBM53
Isin,US29274FAC86
Isin,US893570BM27
Isin,US94874RAS58
Isin,US040114AH34
Isin,US500631AG16
Isin,US3002361067
Isin,US9283748674
Isin,US2779118890
Isin,US19763P5153
Isin,US46600G1013
Isin,US60934G3074
Isin,US4710214028
Isin,US9229062016
Isin,US3159121058
Isin,US75573L1026
Isin,US25158T8484
Isin,US60934G2084
Isin,US00141G7328
Isin,INE683A01023
Isin,INE003A01024
